,group,total_sessions,avg_sessions_per_user,avg_time_per_user,performance,rank
2,C,157,6.826086956521739,71.52958358670315,3.1099818950740503,1.0
3,D,160,6.153846153846154,71.85782249801481,2.7637624037698005,2.0
1,B,61,2.772727272727273,53.24944214876032,2.420429188580015,3.0
0,A,62,2.9523809523809526,45.36765873015873,2.1603647014361305,4.0
